Date,Base,Quote,Rate,Source
2026-07-01,USD,ZWG,26.8000,SAMPLE - not official
2026-07-02,USD,ZWG,26.8030,SAMPLE - not official
2026-07-03,USD,ZWG,26.8060,SAMPLE - not official
2026-07-06,USD,ZWG,26.8090,SAMPLE - not official
2026-07-07,USD,ZWG,26.8120,SAMPLE - not official
2026-07-08,USD,ZWG,26.8150,SAMPLE - not official
2026-07-09,USD,ZWG,26.8180,SAMPLE - not official
2026-07-10,USD,ZWG,26.8210,SAMPLE - not official
2026-07-13,USD,ZWG,26.8240,SAMPLE - not official
2026-07-14,USD,ZWG,26.8270,SAMPLE - not official
2026-07-15,USD,ZWG,26.8300,SAMPLE - not official
2026-07-16,USD,ZWG,26.8330,SAMPLE - not official
2026-07-17,USD,ZWG,26.8360,SAMPLE - not official
2026-07-20,USD,ZWG,26.8390,SAMPLE - not official
2026-07-21,USD,ZWG,26.8420,SAMPLE - not official
2026-07-22,USD,ZWG,26.8450,SAMPLE - not official
2026-07-23,USD,ZWG,26.8480,SAMPLE - not official
2026-07-24,USD,ZWG,26.8510,SAMPLE - not official
2026-07-27,USD,ZWG,26.8540,SAMPLE - not official
2026-07-28,USD,ZWG,26.8570,SAMPLE - not official
2026-07-29,USD,ZWG,26.8600,SAMPLE - not official
2026-07-30,USD,ZWG,26.8630,SAMPLE - not official
2026-07-31,USD,ZWG,26.8660,SAMPLE - not official
2026-08-03,USD,ZWG,26.8690,SAMPLE - not official
2026-08-04,USD,ZWG,26.8720,SAMPLE - not official
2026-08-05,USD,ZWG,26.8750,SAMPLE - not official
2026-08-06,USD,ZWG,26.8780,SAMPLE - not official
2026-08-07,USD,ZWG,26.8810,SAMPLE - not official
2026-08-10,USD,ZWG,26.8840,SAMPLE - not official
2026-08-11,USD,ZWG,26.8870,SAMPLE - not official
2026-08-12,USD,ZWG,26.8900,SAMPLE - not official
2026-08-13,USD,ZWG,26.8930,SAMPLE - not official
2026-08-14,USD,ZWG,26.8960,SAMPLE - not official
2026-08-17,USD,ZWG,26.8990,SAMPLE - not official
2026-08-18,USD,ZWG,26.9020,SAMPLE - not official
2026-08-19,USD,ZWG,26.9050,SAMPLE - not official
2026-08-20,USD,ZWG,26.9080,SAMPLE - not official
2026-08-21,USD,ZWG,26.9110,SAMPLE - not official
2026-08-24,USD,ZWG,26.9140,SAMPLE - not official
2026-08-25,USD,ZWG,26.9170,SAMPLE - not official
2026-08-26,USD,ZWG,26.9200,SAMPLE - not official
2026-08-27,USD,ZWG,26.9230,SAMPLE - not official
2026-08-28,USD,ZWG,26.9260,SAMPLE - not official
2026-08-31,USD,ZWG,26.9290,SAMPLE - not official
2026-09-01,USD,ZWG,26.9320,SAMPLE - not official
2026-09-02,USD,ZWG,26.9350,SAMPLE - not official
2026-09-03,USD,ZWG,26.9380,SAMPLE - not official
2026-09-04,USD,ZWG,26.9410,SAMPLE - not official
2026-09-07,USD,ZWG,26.9440,SAMPLE - not official
2026-09-08,USD,ZWG,26.9470,SAMPLE - not official
2026-09-09,USD,ZWG,26.9500,SAMPLE - not official
2026-09-10,USD,ZWG,26.9530,SAMPLE - not official
2026-09-11,USD,ZWG,26.9560,SAMPLE - not official
2026-09-14,USD,ZWG,26.9590,SAMPLE - not official
2026-09-15,USD,ZWG,26.9620,SAMPLE - not official
2026-09-16,USD,ZWG,26.9650,SAMPLE - not official
2026-09-17,USD,ZWG,26.9680,SAMPLE - not official
2026-09-18,USD,ZWG,26.9710,SAMPLE - not official
2026-09-21,USD,ZWG,26.9740,SAMPLE - not official
2026-09-22,USD,ZWG,26.9770,SAMPLE - not official
2026-09-23,USD,ZWG,26.9800,SAMPLE - not official
2026-09-24,USD,ZWG,26.9830,SAMPLE - not official
2026-09-25,USD,ZWG,26.9860,SAMPLE - not official
2026-09-28,USD,ZWG,26.9890,SAMPLE - not official
2026-09-29,USD,ZWG,26.9920,SAMPLE - not official
2026-09-30,USD,ZWG,26.9950,SAMPLE - not official
2026-10-01,USD,ZWG,26.9980,SAMPLE - not official
2026-10-02,USD,ZWG,27.0010,SAMPLE - not official
2026-10-05,USD,ZWG,27.0040,SAMPLE - not official
2026-10-06,USD,ZWG,27.0070,SAMPLE - not official
2026-10-07,USD,ZWG,27.0100,SAMPLE - not official
2026-10-08,USD,ZWG,27.0130,SAMPLE - not official
2026-10-09,USD,ZWG,27.0160,SAMPLE - not official
2026-10-12,USD,ZWG,27.0190,SAMPLE - not official
2026-10-13,USD,ZWG,27.0220,SAMPLE - not official
2026-10-14,USD,ZWG,27.0250,SAMPLE - not official
2026-10-15,USD,ZWG,27.0280,SAMPLE - not official
2026-10-16,USD,ZWG,27.0310,SAMPLE - not official
2026-10-19,USD,ZWG,27.0340,SAMPLE - not official
2026-10-20,USD,ZWG,27.0370,SAMPLE - not official
2026-10-21,USD,ZWG,27.0400,SAMPLE - not official
2026-10-22,USD,ZWG,27.0430,SAMPLE - not official
2026-10-23,USD,ZWG,27.0460,SAMPLE - not official
2026-10-26,USD,ZWG,27.0490,SAMPLE - not official
2026-10-27,USD,ZWG,27.0520,SAMPLE - not official
2026-10-28,USD,ZWG,27.0550,SAMPLE - not official
2026-10-29,USD,ZWG,27.0580,SAMPLE - not official
2026-10-30,USD,ZWG,27.0610,SAMPLE - not official
